<?xml version="1.0" encoding="UTF-8"?>
<project-private xmlns="http://www.netbeans.org/ns/project-private/1">
    <editor-bookmarks xmlns="http://www.netbeans.org/ns/editor-bookmarks/2" lastBookmarkId="0"/>
    <open-files xmlns="http://www.netbeans.org/ns/projectui-open-files/2">
        <group>
            <file>file:/C:/Users/Lukas/Documents/NetBeansProjects/Sandtner_BDATS_A/src/ds/IAbstrDoubleList.java</file>
            <file>file:/C:/Users/Lukas/Documents/NetBeansProjects/Sandtner_BDATS_A/src/model/SpravaZaznamu.java</file>
            <file>file:/C:/Users/Lukas/Documents/NetBeansProjects/Sandtner_BDATS_A/src/model/ISpravaZaznamu.java</file>
            <file>file:/C:/Users/Lukas/Documents/NetBeansProjects/Sandtner_BDATS_A/nbproject/build-impl.xml</file>
            <file>file:/C:/Users/Lukas/Documents/NetBeansProjects/Sandtner_BDATS_A/src/model/ISpravaOblasti.java</file>
            <file>file:/C:/Users/Lukas/Documents/NetBeansProjects/Sandtner_BDATS_A/src/model/Zaznam.java</file>
            <file>file:/C:/Users/Lukas/Documents/NetBeansProjects/Sandtner_BDATS_A/src/model/SpravaOblasti.java</file>
            <file>file:/C:/Users/Lukas/Documents/NetBeansProjects/Sandtner_BDATS_A/src/sandtner_bdats_a/FXMLDocument.fxml</file>
            <file>file:/C:/Users/Lukas/Documents/NetBeansProjects/Sandtner_BDATS_A/src/ds/AbstrDoubleList.java</file>
            <file>file:/C:/Users/Lukas/Documents/NetBeansProjects/Sandtner_BDATS_A/src/sandtner_bdats_a/FXMLDocumentController.java</file>
            <file>file:/C:/Users/Lukas/Documents/NetBeansProjects/Sandtner_BDATS_A/src/model/Oblast.java</file>
            <file>file:/C:/Users/Lukas/Documents/NetBeansProjects/Sandtner_BDATS_A/src/sandtner_bdats_a/Sandtner_BDATS_A.java</file>
            <file>file:/C:/Users/Lukas/Documents/NetBeansProjects/Sandtner_BDATS_A/src/model/enumPozice.java</file>
        </group>
    </open-files>
</project-private>
